livestock_pig_keypoints_032252.jpg,Standing
livestock_pig_keypoints_032251.jpg,Lying on side
livestock_pig_keypoints_032254.jpg,Standing
livestock_pig_keypoints_032253.jpg,Lying on side
livestock_pig_keypoints_032255.jpg,Lying on side
livestock_pig_keypoints_032256.jpg,Lying on belly
livestock_pig_keypoints_032258.jpg,Standing
livestock_pig_keypoints_032257.jpg,Standing
livestock_pig_keypoints_032259.jpg,Lying on side
livestock_pig_keypoints_032260.jpg,Lying on side
livestock_pig_keypoints_032262.jpg,Lying on side
livestock_pig_keypoints_032261.jpg,Lying on belly
livestock_pig_keypoints_032263.jpg,Lying on side
livestock_pig_keypoints_032264.jpg,Lying on side
livestock_pig_keypoints_032265.jpg,Standing
livestock_pig_keypoints_032266.jpg,Standing
livestock_pig_keypoints_032267.jpg,Lying on side
livestock_pig_keypoints_032268.jpg,Lying on belly
livestock_pig_keypoints_032269.jpg,Sitting
livestock_pig_keypoints_032270.jpg,Lying on belly
livestock_pig_keypoints_032271.jpg,Standing
livestock_pig_keypoints_032272.jpg,Lying on belly
livestock_pig_keypoints_032273.jpg,Standing
livestock_pig_keypoints_032274.jpg,Lying on side
livestock_pig_keypoints_032275.jpg,Lying on side
livestock_pig_keypoints_032278.jpg,Lying on belly
livestock_pig_keypoints_032276.jpg,Lying on side
livestock_pig_keypoints_032277.jpg,Lying on side
livestock_pig_keypoints_032279.jpg,Lying on side
livestock_pig_keypoints_032280.jpg,Lying on belly
livestock_pig_keypoints_032281.jpg,Sitting
livestock_pig_keypoints_032283.jpg,Lying on side
livestock_pig_keypoints_032282.jpg,Lying on side
livestock_pig_keypoints_032284.jpg,Standing
livestock_pig_keypoints_032285.jpg,Lying on side
livestock_pig_keypoints_032289.jpg,Lying on side
livestock_pig_keypoints_032287.jpg,Lying on belly
livestock_pig_keypoints_032288.jpg,Lying on side
livestock_pig_keypoints_032286.jpg,Lying on belly
livestock_pig_keypoints_032290.jpg,Lying on side
livestock_pig_keypoints_032291.jpg,Lying on side
livestock_pig_keypoints_032292.jpg,Lying on side
livestock_pig_keypoints_032293.jpg,Lying on belly
livestock_pig_keypoints_032294.jpg,Lying on side
livestock_pig_keypoints_032295.jpg,Lying on side
livestock_pig_keypoints_032296.jpg,Lying on belly
livestock_pig_keypoints_032297.jpg,Lying on belly
livestock_pig_keypoints_032298.jpg,Lying on side
livestock_pig_keypoints_032299.jpg,Lying on belly
livestock_pig_keypoints_032300.jpg,Lying on side
livestock_pig_keypoints_032302.jpg,Lying on side
livestock_pig_keypoints_032303.jpg,Standing
livestock_pig_keypoints_032301.jpg,Lying on side
livestock_pig_keypoints_032304.jpg,Lying on side
livestock_pig_keypoints_032305.jpg,Sitting
livestock_pig_keypoints_032308.jpg,Lying on belly
livestock_pig_keypoints_032306.jpg,Lying on side
livestock_pig_keypoints_032307.jpg,Lying on belly
livestock_pig_keypoints_032309.jpg,Lying on side
livestock_pig_keypoints_032310.jpg,Lying on belly
livestock_pig_keypoints_032312.jpg,Lying on side
livestock_pig_keypoints_032311.jpg,Lying on side
livestock_pig_keypoints_032314.jpg,Lying on side
livestock_pig_keypoints_032313.jpg,Lying on side
livestock_pig_keypoints_032315.jpg,Lying on side
livestock_pig_keypoints_032319.jpg,Lying on belly
livestock_pig_keypoints_032317.jpg,Lying on side
livestock_pig_keypoints_032316.jpg,Lying on belly
livestock_pig_keypoints_032318.jpg,Lying on belly
livestock_pig_keypoints_032320.jpg,Lying on side
livestock_pig_keypoints_032322.jpg,Lying on side
livestock_pig_keypoints_032323.jpg,Lying on side
livestock_pig_keypoints_032321.jpg,Lying on belly
livestock_pig_keypoints_032324.jpg,Lying on belly
livestock_pig_keypoints_032325.jpg,Lying on belly
livestock_pig_keypoints_032328.jpg,Lying on belly
livestock_pig_keypoints_032327.jpg,Lying on side
livestock_pig_keypoints_032330.jpg,Lying on belly
livestock_pig_keypoints_032326.jpg,Lying on belly
livestock_pig_keypoints_032329.jpg,Lying on belly
livestock_pig_keypoints_032331.jpg,Lying on side
livestock_pig_keypoints_032332.jpg,Lying on side
livestock_pig_keypoints_032333.jpg,Lying on side
livestock_pig_keypoints_032334.jpg,Lying on belly
livestock_pig_keypoints_032335.jpg,Lying on side
livestock_pig_keypoints_032338.jpg,Lying on side
livestock_pig_keypoints_032336.jpg,Lying on side
livestock_pig_keypoints_032337.jpg,Lying on side
livestock_pig_keypoints_032339.jpg,Lying on belly
livestock_pig_keypoints_032340.jpg,Standing
livestock_pig_keypoints_032341.jpg,Lying on belly
livestock_pig_keypoints_032342.jpg,Sitting
livestock_pig_keypoints_032343.jpg,Lying on belly
livestock_pig_keypoints_032344.jpg,Lying on belly
livestock_pig_keypoints_032345.jpg,Lying on side
livestock_pig_keypoints_032347.jpg,Lying on side
livestock_pig_keypoints_032349.jpg,Lying on side
livestock_pig_keypoints_032348.jpg,Lying on side
livestock_pig_keypoints_032346.jpg,Lying on side
livestock_pig_keypoints_032350.jpg,Lying on side
livestock_pig_keypoints_032352.jpg,Lying on side
livestock_pig_keypoints_032353.jpg,Lying on side
livestock_pig_keypoints_032354.jpg,Lying on belly
livestock_pig_keypoints_032351.jpg,Standing
livestock_pig_keypoints_032355.jpg,Lying on belly
livestock_pig_keypoints_032356.jpg,Lying on side
livestock_pig_keypoints_032358.jpg,Lying on side
livestock_pig_keypoints_032357.jpg,Lying on belly
livestock_pig_keypoints_032359.jpg,Lying on side
livestock_pig_keypoints_032360.jpg,Lying on belly
livestock_pig_keypoints_032362.jpg,Lying on belly
livestock_pig_keypoints_032361.jpg,Lying on side
livestock_pig_keypoints_032363.jpg,Lying on side
livestock_pig_keypoints_032364.jpg,Lying on side
livestock_pig_keypoints_032365.jpg,Lying on belly
livestock_pig_keypoints_032367.jpg,Lying on side
livestock_pig_keypoints_032366.jpg,Lying on side
livestock_pig_keypoints_032368.jpg,Lying on side
livestock_pig_keypoints_032369.jpg,Lying on side
livestock_pig_keypoints_032370.jpg,Lying on side
livestock_pig_keypoints_032372.jpg,Lying on belly
livestock_pig_keypoints_032373.jpg,Standing
livestock_pig_keypoints_032374.jpg,Lying on belly
livestock_pig_keypoints_032371.jpg,Lying on side
livestock_pig_keypoints_032375.jpg,Lying on side
livestock_pig_keypoints_032377.jpg,Lying on side
livestock_pig_keypoints_032376.jpg,Standing
livestock_pig_keypoints_032379.jpg,Lying on side
livestock_pig_keypoints_032378.jpg,Lying on side
livestock_pig_keypoints_032380.jpg,Lying on side
livestock_pig_keypoints_032384.jpg,Lying on belly
livestock_pig_keypoints_032382.jpg,Lying on side
livestock_pig_keypoints_032383.jpg,Lying on belly
livestock_pig_keypoints_032381.jpg,Lying on side
livestock_pig_keypoints_032385.jpg,Lying on side
livestock_pig_keypoints_032387.jpg,Lying on side
livestock_pig_keypoints_032386.jpg,Lying on side
livestock_pig_keypoints_032388.jpg,Lying on side
livestock_pig_keypoints_032389.jpg,Lying on side
livestock_pig_keypoints_032390.jpg,Lying on belly
livestock_pig_keypoints_032391.jpg,Lying on side
livestock_pig_keypoints_032392.jpg,Lying on belly
livestock_pig_keypoints_032393.jpg,Lying on side
livestock_pig_keypoints_032394.jpg,Lying on side
livestock_pig_keypoints_032395.jpg,Standing
livestock_pig_keypoints_032397.jpg,Lying on belly
livestock_pig_keypoints_032396.jpg,Lying on side
livestock_pig_keypoints_032399.jpg,Lying on side
livestock_pig_keypoints_032398.jpg,Lying on side
livestock_pig_keypoints_032400.jpg,Lying on side
livestock_pig_keypoints_032401.jpg,Lying on belly
livestock_pig_keypoints_032402.jpg,Lying on side
livestock_pig_keypoints_032403.jpg,Lying on side
livestock_pig_keypoints_032404.jpg,Lying on side
livestock_pig_keypoints_032405.jpg,Lying on side
livestock_pig_keypoints_032407.jpg,Lying on side
livestock_pig_keypoints_032406.jpg,Lying on belly
livestock_pig_keypoints_032408.jpg,Standing
livestock_pig_keypoints_032409.jpg,Lying on side
livestock_pig_keypoints_032410.jpg,Lying on belly
livestock_pig_keypoints_032411.jpg,Lying on side
livestock_pig_keypoints_032414.jpg,Standing
livestock_pig_keypoints_032413.jpg,Lying on side
livestock_pig_keypoints_032412.jpg,Lying on side
livestock_pig_keypoints_032415.jpg,Lying on side
livestock_pig_keypoints_032417.jpg,Lying on side
livestock_pig_keypoints_032418.jpg,Lying on side
livestock_pig_keypoints_032416.jpg,Lying on side
livestock_pig_keypoints_032419.jpg,Lying on side
livestock_pig_keypoints_032420.jpg,Lying on belly
livestock_pig_keypoints_032424.jpg,Lying on belly
livestock_pig_keypoints_032422.jpg,Standing
livestock_pig_keypoints_032423.jpg,Lying on side
livestock_pig_keypoints_032421.jpg,Lying on side
livestock_pig_keypoints_032425.jpg,Lying on belly
livestock_pig_keypoints_032427.jpg,Lying on side
livestock_pig_keypoints_032426.jpg,Lying on side
livestock_pig_keypoints_032428.jpg,Lying on belly
livestock_pig_keypoints_032429.jpg,Lying on side
livestock_pig_keypoints_032430.jpg,Lying on side
livestock_pig_keypoints_032433.jpg,Lying on side
livestock_pig_keypoints_032431.jpg,Lying on side
livestock_pig_keypoints_032432.jpg,Lying on side
livestock_pig_keypoints_032434.jpg,Lying on side
livestock_pig_keypoints_032435.jpg,Lying on side
livestock_pig_keypoints_032437.jpg,Lying on side
livestock_pig_keypoints_032439.jpg,Lying on side
livestock_pig_keypoints_032436.jpg,Lying on side
livestock_pig_keypoints_032438.jpg,Lying on side
livestock_pig_keypoints_032440.jpg,Lying on side
livestock_pig_keypoints_032441.jpg,Lying on side
livestock_pig_keypoints_032443.jpg,Standing
livestock_pig_keypoints_032442.jpg,Lying on side
livestock_pig_keypoints_032444.jpg,Standing
livestock_pig_keypoints_032445.jpg,Lying on side
livestock_pig_keypoints_032447.jpg,Lying on belly
livestock_pig_keypoints_032446.jpg,Standing
livestock_pig_keypoints_032449.jpg,Standing
livestock_pig_keypoints_032448.jpg,Lying on belly
livestock_pig_keypoints_032450.jpg,Lying on side
livestock_pig_keypoints_032451.jpg,Lying on belly
livestock_pig_keypoints_032452.jpg,Lying on side
livestock_pig_keypoints_032453.jpg,Lying on belly
livestock_pig_keypoints_032454.jpg,Lying on side
livestock_pig_keypoints_032455.jpg,Lying on side
livestock_pig_keypoints_032457.jpg,Lying on side
livestock_pig_keypoints_032456.jpg,Lying on side
livestock_pig_keypoints_032458.jpg,Lying on belly
livestock_pig_keypoints_032459.jpg,Lying on side
livestock_pig_keypoints_032460.jpg,Lying on side
livestock_pig_keypoints_032462.jpg,Lying on side
livestock_pig_keypoints_032461.jpg,Lying on belly
livestock_pig_keypoints_032463.jpg,Lying on belly
livestock_pig_keypoints_032464.jpg,Lying on side
livestock_pig_keypoints_032465.jpg,Lying on belly
livestock_pig_keypoints_032468.jpg,Standing
livestock_pig_keypoints_032469.jpg,Lying on side
livestock_pig_keypoints_032467.jpg,Lying on side
livestock_pig_keypoints_032466.jpg,Lying on side
livestock_pig_keypoints_032470.jpg,Lying on side
livestock_pig_keypoints_032473.jpg,Lying on side
livestock_pig_keypoints_032471.jpg,Standing
livestock_pig_keypoints_032472.jpg,Lying on side
livestock_pig_keypoints_032474.jpg,Lying on belly
livestock_pig_keypoints_032475.jpg,Lying on side
livestock_pig_keypoints_032478.jpg,Lying on side
livestock_pig_keypoints_032477.jpg,Lying on side
livestock_pig_keypoints_032476.jpg,Lying on belly
livestock_pig_keypoints_032479.jpg,Lying on belly
livestock_pig_keypoints_032480.jpg,Lying on side
livestock_pig_keypoints_032481.jpg,Lying on side
livestock_pig_keypoints_032483.jpg,Standing
livestock_pig_keypoints_032482.jpg,Standing
livestock_pig_keypoints_032484.jpg,Lying on side
livestock_pig_keypoints_032485.jpg,Lying on belly
livestock_pig_keypoints_032486.jpg,Lying on side
livestock_pig_keypoints_032488.jpg,Lying on belly
livestock_pig_keypoints_032490.jpg,Lying on side
livestock_pig_keypoints_032487.jpg,Lying on side
livestock_pig_keypoints_032489.jpg,Lying on side
livestock_pig_keypoints_032493.jpg,Lying on side
livestock_pig_keypoints_032491.jpg,Lying on belly
livestock_pig_keypoints_032492.jpg,Lying on side
livestock_pig_keypoints_032494.jpg,Lying on side
livestock_pig_keypoints_032495.jpg,Lying on side
livestock_pig_keypoints_032498.jpg,Lying on side
livestock_pig_keypoints_032497.jpg,Standing
livestock_pig_keypoints_032499.jpg,Lying on side
livestock_pig_keypoints_032496.jpg,Lying on side
livestock_pig_keypoints_032500.jpg,Lying on side
livestock_pig_keypoints_032503.jpg,Lying on belly
livestock_pig_keypoints_032501.jpg,Lying on side
livestock_pig_keypoints_032502.jpg,Lying on belly
livestock_pig_keypoints_032504.jpg,Lying on belly
livestock_pig_keypoints_032505.jpg,Lying on belly
livestock_pig_keypoints_032508.jpg,Lying on belly
livestock_pig_keypoints_032507.jpg,Lying on belly
livestock_pig_keypoints_032506.jpg,Lying on side
livestock_pig_keypoints_032509.jpg,Lying on belly
livestock_pig_keypoints_032510.jpg,Lying on belly
livestock_pig_keypoints_032511.jpg,Lying on belly
livestock_pig_keypoints_032514.jpg,Lying on belly
livestock_pig_keypoints_032513.jpg,Lying on side
livestock_pig_keypoints_032512.jpg,Lying on belly
livestock_pig_keypoints_032515.jpg,Lying on side
livestock_pig_keypoints_032516.jpg,Standing
livestock_pig_keypoints_032518.jpg,Lying on side
livestock_pig_keypoints_032519.jpg,Standing
livestock_pig_keypoints_032517.jpg,Lying on side
livestock_pig_keypoints_032520.jpg,Lying on belly
livestock_pig_keypoints_032522.jpg,Lying on side
livestock_pig_keypoints_032523.jpg,Lying on side
livestock_pig_keypoints_032524.jpg,Lying on side
livestock_pig_keypoints_032521.jpg,Lying on side
livestock_pig_keypoints_032525.jpg,Lying on belly
livestock_pig_keypoints_032528.jpg,Lying on side
livestock_pig_keypoints_032527.jpg,Lying on side
livestock_pig_keypoints_032526.jpg,Lying on belly
livestock_pig_keypoints_032529.jpg,Lying on belly
livestock_pig_keypoints_032530.jpg,Lying on belly
livestock_pig_keypoints_032531.jpg,Lying on side
livestock_pig_keypoints_032532.jpg,Lying on side
livestock_pig_keypoints_032534.jpg,Lying on belly
livestock_pig_keypoints_032533.jpg,Lying on belly
livestock_pig_keypoints_032535.jpg,Lying on side
livestock_pig_keypoints_032536.jpg,Lying on side
livestock_pig_keypoints_032538.jpg,Lying on belly
livestock_pig_keypoints_032537.jpg,Lying on side
livestock_pig_keypoints_032540.jpg,Standing
livestock_pig_keypoints_032539.jpg,Lying on side
livestock_pig_keypoints_032541.jpg,Lying on belly
livestock_pig_keypoints_032542.jpg,Lying on belly
livestock_pig_keypoints_032543.jpg,Lying on belly
livestock_pig_keypoints_032544.jpg,Lying on side
livestock_pig_keypoints_032545.jpg,Lying on side
livestock_pig_keypoints_032547.jpg,Lying on side
livestock_pig_keypoints_032549.jpg,Lying on side
livestock_pig_keypoints_032546.jpg,Lying on belly
livestock_pig_keypoints_032548.jpg,Lying on side
livestock_pig_keypoints_032550.jpg,Lying on belly
livestock_pig_keypoints_032552.jpg,Lying on belly
livestock_pig_keypoints_032551.jpg,Lying on side
livestock_pig_keypoints_032554.jpg,Lying on side
livestock_pig_keypoints_032553.jpg,Lying on side
livestock_pig_keypoints_032555.jpg,Lying on belly
livestock_pig_keypoints_032557.jpg,Lying on side
livestock_pig_keypoints_032558.jpg,Lying on side
livestock_pig_keypoints_032556.jpg,Lying on side
livestock_pig_keypoints_032559.jpg,Lying on side
livestock_pig_keypoints_032560.jpg,Lying on side
livestock_pig_keypoints_032562.jpg,Lying on belly
livestock_pig_keypoints_032563.jpg,Standing
livestock_pig_keypoints_032561.jpg,Lying on belly
livestock_pig_keypoints_032564.jpg,Standing
livestock_pig_keypoints_032565.jpg,Lying on belly
livestock_pig_keypoints_032567.jpg,Lying on side
livestock_pig_keypoints_032569.jpg,Lying on side
livestock_pig_keypoints_032568.jpg,Lying on side
livestock_pig_keypoints_032566.jpg,Standing
livestock_pig_keypoints_032570.jpg,Lying on side
livestock_pig_keypoints_032571.jpg,Lying on side
livestock_pig_keypoints_032572.jpg,Lying on belly
livestock_pig_keypoints_032573.jpg,Lying on belly
livestock_pig_keypoints_032574.jpg,Standing
livestock_pig_keypoints_032575.jpg,Lying on side
livestock_pig_keypoints_032576.jpg,Lying on belly
livestock_pig_keypoints_032577.jpg,Lying on side
livestock_pig_keypoints_032578.jpg,Lying on belly
livestock_pig_keypoints_032579.jpg,Lying on side
livestock_pig_keypoints_032580.jpg,Lying on side
livestock_pig_keypoints_032581.jpg,Lying on side
livestock_pig_keypoints_032582.jpg,Lying on side
livestock_pig_keypoints_032584.jpg,Lying on side
livestock_pig_keypoints_032583.jpg,Lying on side
livestock_pig_keypoints_032585.jpg,Lying on side
livestock_pig_keypoints_032586.jpg,Lying on side
livestock_pig_keypoints_032589.jpg,Lying on side
livestock_pig_keypoints_032588.jpg,Lying on belly
livestock_pig_keypoints_032587.jpg,Lying on side
livestock_pig_keypoints_032590.jpg,Lying on side
livestock_pig_keypoints_032594.jpg,Lying on belly
livestock_pig_keypoints_032592.jpg,Lying on belly
livestock_pig_keypoints_032593.jpg,Lying on side
livestock_pig_keypoints_032591.jpg,Lying on side
livestock_pig_keypoints_032595.jpg,Lying on side
livestock_pig_keypoints_032597.jpg,Lying on side
livestock_pig_keypoints_032596.jpg,Lying on belly
livestock_pig_keypoints_032598.jpg,Lying on belly
livestock_pig_keypoints_032599.jpg,Lying on side
livestock_pig_keypoints_032600.jpg,Lying on belly
livestock_pig_keypoints_032602.jpg,Lying on side
livestock_pig_keypoints_032601.jpg,Lying on side
livestock_pig_keypoints_032603.jpg,Lying on side
livestock_pig_keypoints_032604.jpg,Lying on belly
livestock_pig_keypoints_032605.jpg,Lying on side
livestock_pig_keypoints_032607.jpg,Lying on side
livestock_pig_keypoints_032608.jpg,Lying on belly
livestock_pig_keypoints_032606.jpg,Lying on side
livestock_pig_keypoints_032609.jpg,Lying on side
livestock_pig_keypoints_032610.jpg,Lying on side
livestock_pig_keypoints_032611.jpg,Lying on belly
livestock_pig_keypoints_032613.jpg,Standing
livestock_pig_keypoints_032612.jpg,Lying on side
livestock_pig_keypoints_032614.jpg,Lying on belly
livestock_pig_keypoints_032615.jpg,Lying on belly
livestock_pig_keypoints_032616.jpg,Lying on side
livestock_pig_keypoints_032617.jpg,Lying on side
livestock_pig_keypoints_032618.jpg,Lying on side
livestock_pig_keypoints_032619.jpg,Lying on side
livestock_pig_keypoints_032620.jpg,Lying on belly
livestock_pig_keypoints_032623.jpg,Lying on side
livestock_pig_keypoints_032621.jpg,Lying on belly
livestock_pig_keypoints_032622.jpg,Lying on side
livestock_pig_keypoints_032624.jpg,Lying on side
livestock_pig_keypoints_032625.jpg,Lying on side
livestock_pig_keypoints_032626.jpg,Lying on belly
livestock_pig_keypoints_032627.jpg,Sitting
livestock_pig_keypoints_032629.jpg,Lying on side
livestock_pig_keypoints_032628.jpg,Lying on side
livestock_pig_keypoints_032630.jpg,Lying on belly
livestock_pig_keypoints_032633.jpg,Lying on belly
livestock_pig_keypoints_032632.jpg,Lying on belly
livestock_pig_keypoints_032631.jpg,Lying on side
livestock_pig_keypoints_032634.jpg,Lying on side
livestock_pig_keypoints_032635.jpg,Lying on belly
livestock_pig_keypoints_032636.jpg,Lying on belly
livestock_pig_keypoints_032637.jpg,Standing
livestock_pig_keypoints_032638.jpg,Lying on side
livestock_pig_keypoints_032639.jpg,Lying on side
livestock_pig_keypoints_032640.jpg,Lying on side
livestock_pig_keypoints_032641.jpg,Lying on side
livestock_pig_keypoints_032643.jpg,Lying on side
livestock_pig_keypoints_032642.jpg,Lying on belly
livestock_pig_keypoints_032644.jpg,Lying on belly
livestock_pig_keypoints_032645.jpg,Lying on belly
livestock_pig_keypoints_032648.jpg,Lying on side
livestock_pig_keypoints_032649.jpg,Lying on belly
livestock_pig_keypoints_032647.jpg,Lying on side
livestock_pig_keypoints_032646.jpg,Lying on side
livestock_pig_keypoints_032650.jpg,Lying on belly
livestock_pig_keypoints_032654.jpg,Lying on side
livestock_pig_keypoints_032653.jpg,Lying on side
livestock_pig_keypoints_032651.jpg,Lying on side
livestock_pig_keypoints_032652.jpg,Sitting
livestock_pig_keypoints_032655.jpg,Lying on side
livestock_pig_keypoints_032656.jpg,Lying on side
livestock_pig_keypoints_032658.jpg,Lying on side
livestock_pig_keypoints_032657.jpg,Lying on side
livestock_pig_keypoints_032659.jpg,Lying on belly
livestock_pig_keypoints_032660.jpg,Lying on side
livestock_pig_keypoints_032661.jpg,Lying on side
livestock_pig_keypoints_032662.jpg,Lying on side
livestock_pig_keypoints_032665.jpg,Standing
livestock_pig_keypoints_032663.jpg,Lying on side
livestock_pig_keypoints_032664.jpg,Standing
livestock_pig_keypoints_032666.jpg,Lying on side
livestock_pig_keypoints_032668.jpg,Sitting
livestock_pig_keypoints_032667.jpg,Lying on side
livestock_pig_keypoints_032669.jpg,Lying on side
livestock_pig_keypoints_032670.jpg,Lying on belly
livestock_pig_keypoints_032671.jpg,Lying on side
livestock_pig_keypoints_032673.jpg,Lying on belly
livestock_pig_keypoints_032674.jpg,Lying on belly
livestock_pig_keypoints_032672.jpg,Lying on side
livestock_pig_keypoints_032675.jpg,Lying on side
livestock_pig_keypoints_032677.jpg,Lying on side
livestock_pig_keypoints_032678.jpg,Lying on side
livestock_pig_keypoints_032679.jpg,Lying on side
livestock_pig_keypoints_032676.jpg,Lying on belly
livestock_pig_keypoints_032680.jpg,Lying on belly
livestock_pig_keypoints_032682.jpg,Lying on side
livestock_pig_keypoints_032681.jpg,Lying on side
livestock_pig_keypoints_032683.jpg,Lying on belly
livestock_pig_keypoints_032685.jpg,Lying on side
livestock_pig_keypoints_032684.jpg,Lying on belly
livestock_pig_keypoints_032687.jpg,Lying on belly
livestock_pig_keypoints_032688.jpg,Lying on side
livestock_pig_keypoints_032686.jpg,Lying on side
livestock_pig_keypoints_032689.jpg,Lying on side
livestock_pig_keypoints_032690.jpg,Lying on side
livestock_pig_keypoints_032691.jpg,Lying on side
livestock_pig_keypoints_032692.jpg,Lying on side
livestock_pig_keypoints_032693.jpg,Lying on side
livestock_pig_keypoints_032694.jpg,Lying on side
livestock_pig_keypoints_032695.jpg,Lying on belly
livestock_pig_keypoints_032697.jpg,Lying on side
livestock_pig_keypoints_032698.jpg,Lying on belly
livestock_pig_keypoints_032699.jpg,Lying on belly
livestock_pig_keypoints_032696.jpg,Lying on belly
livestock_pig_keypoints_032700.jpg,Lying on belly
livestock_pig_keypoints_032704.jpg,Lying on side
livestock_pig_keypoints_032701.jpg,Standing
livestock_pig_keypoints_032703.jpg,Lying on side
livestock_pig_keypoints_032702.jpg,Lying on side
livestock_pig_keypoints_032705.jpg,Lying on side
livestock_pig_keypoints_032707.jpg,Lying on belly
livestock_pig_keypoints_032706.jpg,Lying on belly
livestock_pig_keypoints_032709.jpg,Lying on belly
livestock_pig_keypoints_032708.jpg,Lying on side
livestock_pig_keypoints_032710.jpg,Lying on side
livestock_pig_keypoints_032711.jpg,Lying on belly
livestock_pig_keypoints_032714.jpg,Sitting
livestock_pig_keypoints_032712.jpg,Lying on side
livestock_pig_keypoints_032713.jpg,Lying on side
livestock_pig_keypoints_032715.jpg,Lying on side
livestock_pig_keypoints_032716.jpg,Lying on side
livestock_pig_keypoints_032718.jpg,Lying on side
livestock_pig_keypoints_032719.jpg,Lying on belly
livestock_pig_keypoints_032717.jpg,Lying on side
livestock_pig_keypoints_032720.jpg,Lying on side
livestock_pig_keypoints_032722.jpg,Lying on belly
livestock_pig_keypoints_032724.jpg,Lying on side
livestock_pig_keypoints_032723.jpg,Lying on belly
livestock_pig_keypoints_032721.jpg,Lying on side
livestock_pig_keypoints_032725.jpg,Lying on side
livestock_pig_keypoints_032728.jpg,Lying on belly
livestock_pig_keypoints_032726.jpg,Lying on side
livestock_pig_keypoints_032729.jpg,Lying on belly
livestock_pig_keypoints_032727.jpg,Lying on side
livestock_pig_keypoints_032730.jpg,Standing
livestock_pig_keypoints_032733.jpg,Sitting
livestock_pig_keypoints_032731.jpg,Lying on side
livestock_pig_keypoints_032732.jpg,Lying on side
livestock_pig_keypoints_032734.jpg,Lying on side
livestock_pig_keypoints_032735.jpg,Lying on side
livestock_pig_keypoints_032736.jpg,Lying on side
livestock_pig_keypoints_032738.jpg,Lying on side
livestock_pig_keypoints_032739.jpg,Lying on side
livestock_pig_keypoints_032737.jpg,Lying on side
livestock_pig_keypoints_032740.jpg,Lying on side
livestock_pig_keypoints_032744.jpg,Lying on belly
livestock_pig_keypoints_032742.jpg,Lying on side
livestock_pig_keypoints_032743.jpg,Lying on side
livestock_pig_keypoints_032741.jpg,Lying on side
livestock_pig_keypoints_032745.jpg,Lying on side
livestock_pig_keypoints_032749.jpg,Lying on belly
livestock_pig_keypoints_032747.jpg,Lying on side
livestock_pig_keypoints_032746.jpg,Lying on belly
livestock_pig_keypoints_032748.jpg,Lying on side
livestock_pig_keypoints_032750.jpg,Lying on side
livestock_pig_keypoints_032753.jpg,Lying on side
livestock_pig_keypoints_032752.jpg,Lying on belly
livestock_pig_keypoints_032751.jpg,Lying on side
livestock_pig_keypoints_032754.jpg,Standing
livestock_pig_keypoints_032755.jpg,Standing
livestock_pig_keypoints_032758.jpg,Standing
livestock_pig_keypoints_032757.jpg,Lying on side
livestock_pig_keypoints_032756.jpg,Standing
livestock_pig_keypoints_032759.jpg,Lying on side
livestock_pig_keypoints_032760.jpg,Lying on side
livestock_pig_keypoints_032761.jpg,Standing
livestock_pig_keypoints_032764.jpg,Lying on belly
livestock_pig_keypoints_032763.jpg,Standing
livestock_pig_keypoints_032762.jpg,Lying on side
livestock_pig_keypoints_032765.jpg,Lying on belly
livestock_pig_keypoints_032766.jpg,Lying on side
livestock_pig_keypoints_032768.jpg,Lying on side
livestock_pig_keypoints_032767.jpg,Lying on belly
livestock_pig_keypoints_032769.jpg,Lying on side
livestock_pig_keypoints_032770.jpg,Lying on belly
livestock_pig_keypoints_032773.jpg,Lying on belly
livestock_pig_keypoints_032771.jpg,Lying on side
livestock_pig_keypoints_032772.jpg,Lying on side
livestock_pig_keypoints_032774.jpg,Lying on side
livestock_pig_keypoints_032775.jpg,Lying on side
livestock_pig_keypoints_032777.jpg,Lying on belly
livestock_pig_keypoints_032776.jpg,Lying on side
livestock_pig_keypoints_032778.jpg,Lying on belly
livestock_pig_keypoints_032779.jpg,Lying on belly
livestock_pig_keypoints_032780.jpg,Lying on side
livestock_pig_keypoints_032781.jpg,Lying on side
livestock_pig_keypoints_032783.jpg,Lying on side
livestock_pig_keypoints_032782.jpg,Lying on belly
livestock_pig_keypoints_032784.jpg,Lying on side
livestock_pig_keypoints_032785.jpg,Lying on side
livestock_pig_keypoints_032786.jpg,Lying on side
livestock_pig_keypoints_032787.jpg,Standing
livestock_pig_keypoints_032789.jpg,Standing
livestock_pig_keypoints_032788.jpg,Lying on belly
livestock_pig_keypoints_032790.jpg,Lying on side
livestock_pig_keypoints_032791.jpg,Lying on side
livestock_pig_keypoints_032793.jpg,Lying on belly
livestock_pig_keypoints_032794.jpg,Lying on side
livestock_pig_keypoints_032792.jpg,Lying on belly
livestock_pig_keypoints_032795.jpg,Standing
livestock_pig_keypoints_032796.jpg,Lying on side
livestock_pig_keypoints_032797.jpg,Lying on side
livestock_pig_keypoints_032800.jpg,Lying on side
livestock_pig_keypoints_032798.jpg,Standing
livestock_pig_keypoints_032799.jpg,Lying on side
livestock_pig_keypoints_032801.jpg,Lying on side
livestock_pig_keypoints_032804.jpg,Lying on side
livestock_pig_keypoints_032803.jpg,Lying on side
livestock_pig_keypoints_032802.jpg,Lying on belly
livestock_pig_keypoints_032805.jpg,Lying on side
livestock_pig_keypoints_032806.jpg,Lying on side
livestock_pig_keypoints_032807.jpg,Lying on belly
livestock_pig_keypoints_032808.jpg,Lying on belly
livestock_pig_keypoints_032809.jpg,Lying on side
livestock_pig_keypoints_032810.jpg,Lying on side
livestock_pig_keypoints_032812.jpg,Lying on side
livestock_pig_keypoints_032813.jpg,Lying on side
livestock_pig_keypoints_032811.jpg,Standing
livestock_pig_keypoints_032814.jpg,Lying on belly
livestock_pig_keypoints_032815.jpg,Standing
livestock_pig_keypoints_032818.jpg,Lying on belly
livestock_pig_keypoints_032817.jpg,Lying on side
livestock_pig_keypoints_032816.jpg,Lying on side
livestock_pig_keypoints_032819.jpg,Standing
livestock_pig_keypoints_032820.jpg,Standing
livestock_pig_keypoints_032821.jpg,Lying on side
livestock_pig_keypoints_032822.jpg,Lying on side
livestock_pig_keypoints_032823.jpg,Lying on side
livestock_pig_keypoints_032824.jpg,Lying on side
livestock_pig_keypoints_032825.jpg,Lying on belly
livestock_pig_keypoints_032826.jpg,Standing
livestock_pig_keypoints_032828.jpg,Standing
livestock_pig_keypoints_032827.jpg,Lying on belly
livestock_pig_keypoints_032829.jpg,Lying on side
livestock_pig_keypoints_032830.jpg,Standing
livestock_pig_keypoints_032832.jpg,Lying on side
livestock_pig_keypoints_032831.jpg,Lying on side
livestock_pig_keypoints_032833.jpg,Lying on belly
livestock_pig_keypoints_032834.jpg,Lying on side
livestock_pig_keypoints_032835.jpg,Lying on side
livestock_pig_keypoints_032837.jpg,Lying on side
livestock_pig_keypoints_032838.jpg,Sitting
livestock_pig_keypoints_032839.jpg,Lying on belly
livestock_pig_keypoints_032836.jpg,Lying on side
livestock_pig_keypoints_032840.jpg,Lying on side
livestock_pig_keypoints_032841.jpg,Lying on belly
livestock_pig_keypoints_032842.jpg,Lying on side
livestock_pig_keypoints_032844.jpg,Standing
livestock_pig_keypoints_032843.jpg,Lying on belly
livestock_pig_keypoints_032845.jpg,Lying on belly
livestock_pig_keypoints_032846.jpg,Lying on side
livestock_pig_keypoints_032847.jpg,Lying on belly
livestock_pig_keypoints_032849.jpg,Standing
livestock_pig_keypoints_032848.jpg,Lying on side
livestock_pig_keypoints_032850.jpg,Lying on side
livestock_pig_keypoints_032851.jpg,Sitting
livestock_pig_keypoints_032854.jpg,Lying on side
livestock_pig_keypoints_032853.jpg,Lying on side
livestock_pig_keypoints_032855.jpg,Lying on belly
livestock_pig_keypoints_032852.jpg,Lying on side
livestock_pig_keypoints_032856.jpg,Lying on belly
livestock_pig_keypoints_032857.jpg,Lying on side
livestock_pig_keypoints_032858.jpg,Lying on side
livestock_pig_keypoints_032859.jpg,Lying on belly
livestock_pig_keypoints_032860.jpg,Lying on side
livestock_pig_keypoints_032861.jpg,Lying on side
livestock_pig_keypoints_032863.jpg,Lying on side
livestock_pig_keypoints_032862.jpg,Lying on side
livestock_pig_keypoints_032864.jpg,Lying on side
livestock_pig_keypoints_032865.jpg,Lying on side
livestock_pig_keypoints_032866.jpg,Lying on side
livestock_pig_keypoints_032867.jpg,Lying on belly
livestock_pig_keypoints_032868.jpg,Lying on side
livestock_pig_keypoints_032869.jpg,Lying on side
livestock_pig_keypoints_032870.jpg,Lying on side
livestock_pig_keypoints_032873.jpg,Lying on belly
livestock_pig_keypoints_032871.jpg,Lying on side
livestock_pig_keypoints_032872.jpg,Lying on side
livestock_pig_keypoints_032874.jpg,Lying on side
livestock_pig_keypoints_032875.jpg,Lying on side
livestock_pig_keypoints_032877.jpg,Lying on side
livestock_pig_keypoints_032878.jpg,Lying on side
livestock_pig_keypoints_032876.jpg,Lying on side
livestock_pig_keypoints_032879.jpg,Standing
livestock_pig_keypoints_032880.jpg,Lying on side
livestock_pig_keypoints_032883.jpg,Lying on side
livestock_pig_keypoints_032882.jpg,Lying on belly
livestock_pig_keypoints_032884.jpg,Lying on belly
livestock_pig_keypoints_032881.jpg,Lying on side
livestock_pig_keypoints_032885.jpg,Lying on side
livestock_pig_keypoints_032889.jpg,Standing
livestock_pig_keypoints_032886.jpg,Lying on side
livestock_pig_keypoints_032888.jpg,Lying on side
livestock_pig_keypoints_032887.jpg,Lying on belly
livestock_pig_keypoints_032890.jpg,Lying on side
livestock_pig_keypoints_032893.jpg,Standing
livestock_pig_keypoints_032891.jpg,Standing
livestock_pig_keypoints_032892.jpg,Lying on side
livestock_pig_keypoints_032894.jpg,Lying on side
livestock_pig_keypoints_032895.jpg,Lying on side
livestock_pig_keypoints_032897.jpg,Lying on side
livestock_pig_keypoints_032896.jpg,Lying on side
livestock_pig_keypoints_032898.jpg,Standing
livestock_pig_keypoints_032899.jpg,Standing
livestock_pig_keypoints_032900.jpg,Lying on side
livestock_pig_keypoints_032901.jpg,Lying on belly
livestock_pig_keypoints_032902.jpg,Lying on belly
livestock_pig_keypoints_032905.jpg,Lying on side
livestock_pig_keypoints_032904.jpg,Lying on belly
livestock_pig_keypoints_032903.jpg,Lying on side
livestock_pig_keypoints_032907.jpg,Lying on side
livestock_pig_keypoints_032908.jpg,Lying on side
livestock_pig_keypoints_032906.jpg,Lying on side
livestock_pig_keypoints_032909.jpg,Lying on side
livestock_pig_keypoints_032910.jpg,Lying on side
livestock_pig_keypoints_032912.jpg,Lying on side
livestock_pig_keypoints_032911.jpg,Lying on side
livestock_pig_keypoints_032913.jpg,Lying on belly
livestock_pig_keypoints_032915.jpg,Lying on side
livestock_pig_keypoints_032914.jpg,Lying on side
livestock_pig_keypoints_032916.jpg,Lying on belly
livestock_pig_keypoints_032917.jpg,Lying on side
livestock_pig_keypoints_032920.jpg,Lying on side
livestock_pig_keypoints_032918.jpg,Lying on side
livestock_pig_keypoints_032919.jpg,Lying on side
livestock_pig_keypoints_032921.jpg,Lying on belly
livestock_pig_keypoints_032922.jpg,Lying on side
livestock_pig_keypoints_032925.jpg,Lying on side
livestock_pig_keypoints_032923.jpg,Lying on side
livestock_pig_keypoints_032924.jpg,Lying on side
livestock_pig_keypoints_032927.jpg,Lying on side
livestock_pig_keypoints_032929.jpg,Lying on side
livestock_pig_keypoints_032926.jpg,Lying on side
livestock_pig_keypoints_032928.jpg,Lying on belly
livestock_pig_keypoints_032930.jpg,Lying on side
livestock_pig_keypoints_032931.jpg,Lying on side
livestock_pig_keypoints_032933.jpg,Lying on side
livestock_pig_keypoints_032934.jpg,Lying on side
livestock_pig_keypoints_032932.jpg,Lying on side
livestock_pig_keypoints_032935.jpg,Lying on side
livestock_pig_keypoints_032936.jpg,Lying on belly
livestock_pig_keypoints_032940.jpg,Lying on side
livestock_pig_keypoints_032937.jpg,Lying on side
livestock_pig_keypoints_032938.jpg,Lying on side
livestock_pig_keypoints_032939.jpg,Lying on belly
livestock_pig_keypoints_032941.jpg,Lying on side
livestock_pig_keypoints_032944.jpg,Lying on side
livestock_pig_keypoints_032943.jpg,Lying on side
livestock_pig_keypoints_032942.jpg,Lying on belly
livestock_pig_keypoints_032945.jpg,Lying on side
livestock_pig_keypoints_032947.jpg,Lying on belly
livestock_pig_keypoints_032946.jpg,Lying on side
livestock_pig_keypoints_032950.jpg,Lying on side
livestock_pig_keypoints_032948.jpg,Lying on side
livestock_pig_keypoints_032949.jpg,Lying on side
livestock_pig_keypoints_032952.jpg,Lying on side
livestock_pig_keypoints_032953.jpg,Lying on side
livestock_pig_keypoints_032951.jpg,Lying on side
livestock_pig_keypoints_032954.jpg,Lying on side
livestock_pig_keypoints_032955.jpg,Lying on side
livestock_pig_keypoints_032957.jpg,Lying on belly
livestock_pig_keypoints_032959.jpg,Lying on side
livestock_pig_keypoints_032956.jpg,Lying on side
livestock_pig_keypoints_032958.jpg,Lying on side
livestock_pig_keypoints_032960.jpg,Lying on side
livestock_pig_keypoints_032963.jpg,Standing
livestock_pig_keypoints_032962.jpg,Lying on side
livestock_pig_keypoints_032961.jpg,Lying on belly
livestock_pig_keypoints_032964.jpg,Lying on side
livestock_pig_keypoints_032965.jpg,Standing
livestock_pig_keypoints_032966.jpg,Lying on side
livestock_pig_keypoints_032968.jpg,Lying on side
livestock_pig_keypoints_032967.jpg,Lying on side
livestock_pig_keypoints_032970.jpg,Lying on side
livestock_pig_keypoints_032969.jpg,Lying on side
livestock_pig_keypoints_032971.jpg,Lying on side
livestock_pig_keypoints_032973.jpg,Lying on side
livestock_pig_keypoints_032972.jpg,Lying on belly
livestock_pig_keypoints_032975.jpg,Lying on side
livestock_pig_keypoints_032974.jpg,Lying on belly
livestock_pig_keypoints_032979.jpg,Sitting
livestock_pig_keypoints_032976.jpg,Standing
livestock_pig_keypoints_032977.jpg,Lying on side
livestock_pig_keypoints_032978.jpg,Lying on belly
livestock_pig_keypoints_032980.jpg,Lying on side
livestock_pig_keypoints_032981.jpg,Lying on belly
livestock_pig_keypoints_032983.jpg,Lying on belly
livestock_pig_keypoints_032982.jpg,Lying on side
livestock_pig_keypoints_032984.jpg,Sitting
livestock_pig_keypoints_032985.jpg,Lying on side
livestock_pig_keypoints_032986.jpg,Lying on side
livestock_pig_keypoints_032988.jpg,Lying on side
livestock_pig_keypoints_032987.jpg,Lying on belly
livestock_pig_keypoints_032989.jpg,Lying on side
livestock_pig_keypoints_032990.jpg,Lying on side
livestock_pig_keypoints_032991.jpg,Lying on side
livestock_pig_keypoints_032992.jpg,Lying on side
livestock_pig_keypoints_032993.jpg,Standing
livestock_pig_keypoints_032994.jpg,Lying on side
livestock_pig_keypoints_032995.jpg,Lying on side
livestock_pig_keypoints_032996.jpg,Lying on side
livestock_pig_keypoints_032999.jpg,Lying on side
livestock_pig_keypoints_032997.jpg,Lying on side
livestock_pig_keypoints_032998.jpg,Lying on side
livestock_pig_keypoints_033000.jpg,Lying on side
livestock_pig_keypoints_033001.jpg,Lying on side
livestock_pig_keypoints_033002.jpg,Sitting
livestock_pig_keypoints_033004.jpg,Lying on side
livestock_pig_keypoints_033003.jpg,Lying on side
livestock_pig_keypoints_033005.jpg,Standing
livestock_pig_keypoints_033007.jpg,Lying on belly
livestock_pig_keypoints_033006.jpg,Standing
livestock_pig_keypoints_033008.jpg,Lying on side
livestock_pig_keypoints_033009.jpg,Lying on side
livestock_pig_keypoints_033010.jpg,Lying on side
livestock_pig_keypoints_033011.jpg,Lying on belly
livestock_pig_keypoints_033013.jpg,Lying on belly
livestock_pig_keypoints_033012.jpg,Lying on belly
livestock_pig_keypoints_033014.jpg,Lying on belly
livestock_pig_keypoints_033015.jpg,Standing
livestock_pig_keypoints_033017.jpg,Lying on side
livestock_pig_keypoints_033016.jpg,Standing
livestock_pig_keypoints_033018.jpg,Lying on side
livestock_pig_keypoints_033019.jpg,Standing
livestock_pig_keypoints_033020.jpg,Lying on side
livestock_pig_keypoints_033023.jpg,Lying on side
livestock_pig_keypoints_033021.jpg,Lying on side
livestock_pig_keypoints_033025.jpg,Lying on belly
livestock_pig_keypoints_033024.jpg,Lying on side
livestock_pig_keypoints_033022.jpg,Lying on side
livestock_pig_keypoints_033026.jpg,Lying on side
livestock_pig_keypoints_033027.jpg,Lying on side
livestock_pig_keypoints_033028.jpg,Lying on side
livestock_pig_keypoints_033029.jpg,Lying on belly
livestock_pig_keypoints_033030.jpg,Lying on belly
livestock_pig_keypoints_033032.jpg,Lying on side
livestock_pig_keypoints_033031.jpg,Lying on side
livestock_pig_keypoints_033033.jpg,Lying on side
livestock_pig_keypoints_033035.jpg,Lying on side
livestock_pig_keypoints_033034.jpg,Lying on side
livestock_pig_keypoints_033036.jpg,Lying on side
livestock_pig_keypoints_033039.jpg,Lying on side
livestock_pig_keypoints_033038.jpg,Lying on side
livestock_pig_keypoints_033037.jpg,Lying on side
livestock_pig_keypoints_033040.jpg,Lying on side
livestock_pig_keypoints_033042.jpg,Standing
livestock_pig_keypoints_033043.jpg,Sitting
livestock_pig_keypoints_033044.jpg,Standing
livestock_pig_keypoints_033041.jpg,Lying on side
livestock_pig_keypoints_033045.jpg,Sitting
livestock_pig_keypoints_033046.jpg,Lying on side
livestock_pig_keypoints_033047.jpg,Lying on side
livestock_pig_keypoints_033048.jpg,Lying on belly
livestock_pig_keypoints_033049.jpg,Lying on side
livestock_pig_keypoints_033050.jpg,Lying on belly
livestock_pig_keypoints_033052.jpg,Lying on side
livestock_pig_keypoints_033053.jpg,Standing
livestock_pig_keypoints_033051.jpg,Standing
livestock_pig_keypoints_033054.jpg,Lying on side
livestock_pig_keypoints_033055.jpg,Lying on side
livestock_pig_keypoints_033056.jpg,Lying on side
livestock_pig_keypoints_033060.jpg,Lying on side
livestock_pig_keypoints_033057.jpg,Standing
livestock_pig_keypoints_033059.jpg,Lying on side
livestock_pig_keypoints_033058.jpg,Lying on side
livestock_pig_keypoints_033063.jpg,Lying on belly
livestock_pig_keypoints_033061.jpg,Standing
livestock_pig_keypoints_033064.jpg,Lying on side
livestock_pig_keypoints_033062.jpg,Lying on side
livestock_pig_keypoints_033065.jpg,Standing
livestock_pig_keypoints_033067.jpg,Standing
livestock_pig_keypoints_033066.jpg,Lying on side
livestock_pig_keypoints_033068.jpg,Lying on belly
livestock_pig_keypoints_033069.jpg,Standing
livestock_pig_keypoints_033070.jpg,Lying on side
livestock_pig_keypoints_033072.jpg,Lying on belly
livestock_pig_keypoints_033071.jpg,Lying on belly
livestock_pig_keypoints_033073.jpg,Lying on side
livestock_pig_keypoints_033074.jpg,Lying on belly
livestock_pig_keypoints_033075.jpg,Lying on belly
livestock_pig_keypoints_033076.jpg,Lying on belly
livestock_pig_keypoints_033079.jpg,Lying on side
livestock_pig_keypoints_033077.jpg,Lying on side
livestock_pig_keypoints_033078.jpg,Lying on side
livestock_pig_keypoints_033080.jpg,Lying on side
livestock_pig_keypoints_033083.jpg,Lying on belly
livestock_pig_keypoints_033082.jpg,Lying on side
livestock_pig_keypoints_033081.jpg,Lying on side
livestock_pig_keypoints_033084.jpg,Lying on side
livestock_pig_keypoints_033085.jpg,Lying on belly
livestock_pig_keypoints_033086.jpg,Lying on side
livestock_pig_keypoints_033088.jpg,Lying on side
livestock_pig_keypoints_033089.jpg,Lying on side
livestock_pig_keypoints_033087.jpg,Lying on side
livestock_pig_keypoints_033090.jpg,Lying on side
livestock_pig_keypoints_033093.jpg,Lying on belly
livestock_pig_keypoints_033091.jpg,Lying on side
livestock_pig_keypoints_033092.jpg,Lying on side
livestock_pig_keypoints_033094.jpg,Lying on side
livestock_pig_keypoints_033095.jpg,Lying on belly
livestock_pig_keypoints_033096.jpg,Lying on side
livestock_pig_keypoints_033097.jpg,Lying on side
livestock_pig_keypoints_033098.jpg,Lying on side
livestock_pig_keypoints_033099.jpg,Lying on side
livestock_pig_keypoints_033100.jpg,Lying on side
livestock_pig_keypoints_033101.jpg,Lying on belly
livestock_pig_keypoints_033102.jpg,Lying on side
livestock_pig_keypoints_033103.jpg,Lying on side
livestock_pig_keypoints_033104.jpg,Lying on belly
livestock_pig_keypoints_033105.jpg,Lying on side
livestock_pig_keypoints_033107.jpg,Lying on side
livestock_pig_keypoints_033106.jpg,Standing
livestock_pig_keypoints_033108.jpg,Standing
livestock_pig_keypoints_033109.jpg,Lying on side
livestock_pig_keypoints_033110.jpg,Lying on belly
livestock_pig_keypoints_033111.jpg,Lying on side
livestock_pig_keypoints_033112.jpg,Lying on side
livestock_pig_keypoints_033114.jpg,Lying on side
livestock_pig_keypoints_033113.jpg,Lying on side
livestock_pig_keypoints_033115.jpg,Lying on side
livestock_pig_keypoints_033116.jpg,Lying on belly
livestock_pig_keypoints_033119.jpg,Lying on side
livestock_pig_keypoints_033118.jpg,Lying on side
livestock_pig_keypoints_033117.jpg,Lying on belly
livestock_pig_keypoints_033120.jpg,Lying on side
livestock_pig_keypoints_033123.jpg,Lying on side
livestock_pig_keypoints_033121.jpg,Standing
livestock_pig_keypoints_033122.jpg,Lying on side
livestock_pig_keypoints_033124.jpg,Lying on side
livestock_pig_keypoints_033125.jpg,Lying on side
livestock_pig_keypoints_033128.jpg,Standing
livestock_pig_keypoints_033126.jpg,Standing
livestock_pig_keypoints_033129.jpg,Lying on side
livestock_pig_keypoints_033127.jpg,Lying on belly
livestock_pig_keypoints_033130.jpg,Lying on side
livestock_pig_keypoints_033132.jpg,Lying on side
livestock_pig_keypoints_033131.jpg,Lying on belly
livestock_pig_keypoints_033133.jpg,Lying on belly
livestock_pig_keypoints_033134.jpg,Lying on side
livestock_pig_keypoints_033135.jpg,Standing
livestock_pig_keypoints_033138.jpg,Lying on side
livestock_pig_keypoints_033137.jpg,Lying on belly
livestock_pig_keypoints_033136.jpg,Lying on side
livestock_pig_keypoints_033140.jpg,Lying on belly
livestock_pig_keypoints_033139.jpg,Lying on belly
livestock_pig_keypoints_033142.jpg,Lying on belly
livestock_pig_keypoints_033144.jpg,Lying on side
livestock_pig_keypoints_033143.jpg,Lying on side
livestock_pig_keypoints_033141.jpg,Lying on side
livestock_pig_keypoints_033145.jpg,Lying on belly
livestock_pig_keypoints_033148.jpg,Lying on belly
livestock_pig_keypoints_033147.jpg,Lying on belly
livestock_pig_keypoints_033146.jpg,Lying on side
livestock_pig_keypoints_033149.jpg,Lying on side
livestock_pig_keypoints_033150.jpg,Lying on side
livestock_pig_keypoints_033151.jpg,Lying on side
livestock_pig_keypoints_033153.jpg,Lying on belly
livestock_pig_keypoints_033154.jpg,Lying on side
livestock_pig_keypoints_033152.jpg,Lying on side
livestock_pig_keypoints_033155.jpg,Lying on side
livestock_pig_keypoints_033156.jpg,Lying on belly
livestock_pig_keypoints_033159.jpg,Lying on belly
livestock_pig_keypoints_033158.jpg,Lying on belly
livestock_pig_keypoints_033157.jpg,Lying on side
livestock_pig_keypoints_033160.jpg,Lying on side
livestock_pig_keypoints_033161.jpg,Lying on belly
livestock_pig_keypoints_033163.jpg,Lying on side
livestock_pig_keypoints_033162.jpg,Lying on side
livestock_pig_keypoints_033164.jpg,Lying on side
livestock_pig_keypoints_033165.jpg,Lying on belly
livestock_pig_keypoints_033167.jpg,Lying on belly
livestock_pig_keypoints_033168.jpg,Lying on belly
livestock_pig_keypoints_033169.jpg,Lying on side
livestock_pig_keypoints_033166.jpg,Lying on side
livestock_pig_keypoints_033170.jpg,Lying on belly
livestock_pig_keypoints_033173.jpg,Lying on belly
livestock_pig_keypoints_033171.jpg,Standing
livestock_pig_keypoints_033172.jpg,Lying on side
livestock_pig_keypoints_033174.jpg,Lying on side
livestock_pig_keypoints_033175.jpg,Standing
livestock_pig_keypoints_033178.jpg,Lying on belly
livestock_pig_keypoints_033179.jpg,Lying on side
livestock_pig_keypoints_033177.jpg,Lying on side
livestock_pig_keypoints_033176.jpg,Lying on side
livestock_pig_keypoints_033180.jpg,Lying on belly
livestock_pig_keypoints_033181.jpg,Lying on belly
livestock_pig_keypoints_033183.jpg,Lying on side
livestock_pig_keypoints_033184.jpg,Lying on belly
livestock_pig_keypoints_033182.jpg,Lying on side
livestock_pig_keypoints_033185.jpg,Lying on side
livestock_pig_keypoints_033187.jpg,Lying on side
livestock_pig_keypoints_033188.jpg,Lying on belly
livestock_pig_keypoints_033189.jpg,Lying on belly
livestock_pig_keypoints_033186.jpg,Lying on side
livestock_pig_keypoints_033190.jpg,Lying on side
livestock_pig_keypoints_033192.jpg,Lying on belly
livestock_pig_keypoints_033194.jpg,Lying on side
livestock_pig_keypoints_033193.jpg,Lying on belly
livestock_pig_keypoints_033191.jpg,Lying on belly
livestock_pig_keypoints_033195.jpg,Lying on side
livestock_pig_keypoints_033196.jpg,Lying on side
livestock_pig_keypoints_033197.jpg,Lying on belly
livestock_pig_keypoints_033198.jpg,Lying on side
livestock_pig_keypoints_033199.jpg,Lying on belly
livestock_pig_keypoints_033200.jpg,Lying on side
livestock_pig_keypoints_033201.jpg,Lying on belly
livestock_pig_keypoints_033203.jpg,Lying on belly
livestock_pig_keypoints_033202.jpg,Lying on belly
livestock_pig_keypoints_033204.jpg,Lying on side
livestock_pig_keypoints_033205.jpg,Lying on side
livestock_pig_keypoints_033208.jpg,Lying on belly
livestock_pig_keypoints_033207.jpg,Lying on belly
livestock_pig_keypoints_033206.jpg,Lying on side
livestock_pig_keypoints_033209.jpg,Lying on belly
livestock_pig_keypoints_033210.jpg,Lying on side
livestock_pig_keypoints_033214.jpg,Lying on side
livestock_pig_keypoints_033213.jpg,Lying on side
livestock_pig_keypoints_033212.jpg,Lying on side
livestock_pig_keypoints_033211.jpg,Lying on side
livestock_pig_keypoints_033215.jpg,Lying on side
livestock_pig_keypoints_033217.jpg,Lying on side
livestock_pig_keypoints_033218.jpg,Lying on side
livestock_pig_keypoints_033216.jpg,Standing
livestock_pig_keypoints_033219.jpg,Lying on side
livestock_pig_keypoints_033220.jpg,Lying on belly
livestock_pig_keypoints_033222.jpg,Lying on side
livestock_pig_keypoints_033221.jpg,Lying on belly
livestock_pig_keypoints_033223.jpg,Lying on belly
livestock_pig_keypoints_033225.jpg,Lying on belly
livestock_pig_keypoints_033224.jpg,Standing
livestock_pig_keypoints_033228.jpg,Lying on side
livestock_pig_keypoints_033227.jpg,Standing
livestock_pig_keypoints_033229.jpg,Lying on belly
livestock_pig_keypoints_033226.jpg,Lying on side
livestock_pig_keypoints_033230.jpg,Lying on side
livestock_pig_keypoints_033231.jpg,Lying on belly
livestock_pig_keypoints_033232.jpg,Lying on side
livestock_pig_keypoints_033233.jpg,Lying on side
livestock_pig_keypoints_033234.jpg,Lying on side
livestock_pig_keypoints_033235.jpg,Lying on side
livestock_pig_keypoints_033236.jpg,Lying on side
livestock_pig_keypoints_033237.jpg,Lying on side
livestock_pig_keypoints_033239.jpg,Lying on side
livestock_pig_keypoints_033238.jpg,Lying on side
livestock_pig_keypoints_033240.jpg,Standing
livestock_pig_keypoints_033243.jpg,Lying on belly
livestock_pig_keypoints_033242.jpg,Standing
livestock_pig_keypoints_033241.jpg,Standing
livestock_pig_keypoints_033244.jpg,Lying on side
livestock_pig_keypoints_033245.jpg,Standing
livestock_pig_keypoints_033246.jpg,Lying on belly
livestock_pig_keypoints_033248.jpg,Lying on belly
livestock_pig_keypoints_033247.jpg,Lying on belly
livestock_pig_keypoints_033249.jpg,Lying on side
livestock_pig_keypoints_033250.jpg,Lying on belly
